{"message":{"version":"3.0.0","gauges":{},"counters":{"metrics":{"activeRequests":{"count":1}}},"histograms":{},"meters":{"metrics":{"responseCodes":{"badRequest":{"count":14,"m15_rate":4.271536803930762E-35,"m1_rate":2.964393875E-314,"m5_rate":1.8939219531188034E-97,"mean_rate":0.0000416944360477964,"units":"events/second"},"created":{"count":0,"m15_rate":0.0,"m1_rate":0.0,"m5_rate":0.0,"mean_rate":0.0,"units":"events/second"},"noContent":{"count":1124,"m15_rate":0.003465876318211433,"m1_rate":0.002577123432839464,"m5_rate":0.003653065807157299,"mean_rate":0.0033474675741168008,"units":"events/second"},"notFound":{"count":99,"m15_rate":0.00017229845761608571,"m1_rate":1.201778738606264E-14,"m5_rate":0.000012429503868515809,"mean_rate":0.00029483922536549225,"units":"events/second"},"ok":{"count":135595,"m15_rate":0.4026671758109778,"m1_rate":0.41353675379324356,"m5_rate":0.4037264729565337,"mean_rate":0.40382550214541174,"units":"events/second"},"other":{"count":66,"m15_rate":0.0000017037164625150546,"m1_rate":2.188447490411775E-46,"m5_rate":5.594029648622973E-12,"mean_rate":0.00019655948294529935,"units":"events/second"},"serverError":{"count":0,"m15_rate":0.0,"m1_rate":0.0,"m5_rate":0.0,"mean_rate":0.0,"units":"events/second"}}}},"timers":{"api":{"api1":{"count":338,"max":20.728726960000003,"mean":14.588228767750001,"min":0.098324359,"p50":15.833813417500002,"p75":17.7263866045,"p95":20.728726960000003,"p98":20.728726960000003,"p99":20.728726960000003,"p999":20.728726960000003,"stddev":4.89949830248366,"m15_rate":0.00038731113689407,"m1_rate":3.473974524781916E-12,"m5_rate":0.000040240377023599983,"mean_rate":0.001006715875177024,"duration_units":"seconds","rate_units":"calls/second"},"api2":{"count":511,"max":8.657859416,"mean":3.3469650085555553,"min":0.002799975,"p50":4.966129538000001,"p75":5.674962967,"p95":8.657859416,"p98":8.657859416,"p99":8.657859416,"p999":8.657859416,"stddev":3.345658910031929,"m15_rate":0.000003333202515770061,"m1_rate":5.5080964776811965E-46,"m5_rate":1.1669805952012465E-11,"mean_rate":0.0015228410607546555,"duration_units":"seconds","rate_units":"calls/second"},"api6":{"count":537,"max":6.222749220000001,"mean":5.3114099394,"min":4.695044566,"p50":5.317015214,"p75":5.820749954,"p95":6.222749220000001,"p98":6.222749220000001,"p99":6.222749220000001,"p999":6.222749220000001,"stddev":0.5891514412529978,"m15_rate":0.0000016280073007166828,"m1_rate":3.3196489872694456E-46,"m5_rate":6.0755813998495414E-12,"mean_rate":0.0016003242605362787,"duration_units":"seconds","rate_units":"calls/second"},"api3":{"count":80,"max":0.039673219,"mean":0.036396266000000004,"min":0.033119313000000004,"p50":0.036396266000000004,"p75":0.039673219,"p95":0.039673219,"p98":0.039673219,"p99":0.039673219,"p999":0.039673219,"stddev":0.004634311375859201,"m15_rate":2.992944630990485E-7,"m1_rate":4.754270723994026E-56,"m5_rate":6.5148687722669E-14,"mean_rate":0.00023828540716004347,"duration_units":"seconds","rate_units":"calls/second"},"migration":{"count":92,"max":34.018970603,"mean":6.378442273917647,"min":0.36289993200000004,"p50":3.1014180870000003,"p75":4.811757734,"p95":24.28843848090001,"p98":32.76597078860001,"p99":34.018970603,"p999":34.018970603,"stddev":7.983976166268354,"m15_rate":7.595347462918521E-84,"m1_rate":2.964393875E-314,"m5_rate":1.3467463328150188E-245,"mean_rate":0.00027500998053795497,"duration_units":"seconds","rate_units":"calls/second"},"api4":{"count":1050,"max":20.723366034,"mean":10.11239570059091,"min":0.020047552,"p50":12.197737332,"p75":16.96437386425,"p95":20.5813100496,"p98":20.723366034,"p99":20.723366034,"p999":20.723366034,"stddev":8.096529022425587,"m15_rate":0.0005615271720800159,"m1_rate":3.485992312167977E-12,"m5_rate":0.00005266988693234274,"mean_rate":0.003127371774912472,"duration_units":"seconds","rate_units":"calls/second"}},"metrics":{"requests":{"count":136898,"max":17.641087416,"mean":0.030492573011673154,"min":0.000889683,"p50":0.0014021865,"p75":0.0015076100000000002,"p95":0.0018408497000000001,"p98":0.00203123308,"p99":0.0022115978600000005,"p999":17.473146093970023,"stddev":0.6625539458143171,"m15_rate":0.40630705430326775,"m1_rate":0.4161138772260949,"m5_rate":0.40739196827315377,"mean_rate":0.40770602551923735,"duration_units":"seconds","rate_units":"calls/second"}}},"@version":"1","@timestamp":"2016-03-29T14:57:45.689Z"},"@version":"1","@timestamp":"2016-03-29T14:57:45.690Z","endpoint":{"name":"iq_stage","host":"OXC02MC9S7FD57","request":{"method":"get","url":"https://somehost/ops/metrics"},"runtime_seconds":0.806,"code":200,"response_headers":{"date":"Tue, 29 Mar 2016 14:57:45 GMT","api2-type":"application/json","transfer-encoding":"chunked","connection":"keep-alive","server":"Apache-Coyote/1.1","cache-control":"must-revalidate,no-cache,no-store"},"response_message":"OK","times_retried":0},"tags":["api","endpoint"],"@host":"app_stage"}
{"message":{"version":"3.0.0","gauges":{},"counters":{"metrics":{"activeRequests":{"count":1}}},"histograms":{},"meters":{"metrics":{"responseCodes":{"badRequest":{"count":14,"m15_rate":9.269977801822176E-36,"m1_rate":2.964393875E-314,"m5_rate":1.9357341092036257E-99,"mean_rate":0.00004152403855308065,"units":"events/second"},"created":{"count":0,"m15_rate":0.0,"m1_rate":0.0,"m5_rate":0.0,"mean_rate":0.0,"units":"events/second"},"noContent":{"count":1128,"m15_rate":0.0028610176716187797,"m1_rate":0.0001513935513756521,"m5_rate":0.0020561454935218134,"mean_rate":0.0033456511025509264,"units":"events/second"},"notFound":{"count":101,"m15_rate":0.0019663521486904772,"m1_rate":0.004107345828372413,"m5_rate":0.004364091998400743,"mean_rate":0.0002995662776762604,"units":"events/second"},"ok":{"count":136151,"m15_rate":0.40323518867747743,"m1_rate":0.40674817893257215,"m5_rate":0.40486915675267976,"mean_rate":0.40382424004052264,"units":"events/second"},"other":{"count":67,"m15_rate":0.0009809231110861263,"m1_rate":0.0025566557373434187,"m5_rate":0.0022909907785758957,"mean_rate":0.0001987221839682016,"units":"events/second"},"serverError":{"count":0,"m15_rate":0.0,"m1_rate":0.0,"m5_rate":0.0,"mean_rate":0.0,"units":"events/second"}}}},"timers":{"api":{"api1":{"count":338,"max":20.728726960000003,"mean":14.588228767750001,"min":0.098324359,"p50":15.833813417500002,"p75":17.7263866045,"p95":20.728726960000003,"p98":20.728726960000003,"p99":20.728726960000003,"p999":20.728726960000003,"stddev":4.89949830248366,"m15_rate":0.00008405325310793544,"m1_rate":3.8747595061781945E-22,"m5_rate":4.112876470095503E-7,"mean_rate":0.0010026012678726777,"duration_units":"seconds","rate_units":"calls/second"},"api2":{"count":511,"max":8.657859416,"mean":3.3469650085555553,"min":0.002799975,"p50":4.966129538000001,"p75":5.674962967,"p95":8.657859416,"p98":8.657859416,"p99":8.657859416,"p999":8.657859416,"stddev":3.345658910031929,"m15_rate":7.233629194469932E-7,"m1_rate":6.143553740994028E-56,"m5_rate":1.19274405114206E-13,"mean_rate":0.0015166134967083593,"duration_units":"seconds","rate_units":"calls/second"},"api6":{"count":537,"max":6.222749220000001,"mean":5.3114099394,"min":4.695044566,"p50":5.317015214,"p75":5.820749954,"p95":6.222749220000001,"p98":6.222749220000001,"p99":6.222749220000001,"p999":6.222749220000001,"stddev":0.5891514412529978,"m15_rate":3.5330589976329964E-7,"m1_rate":3.702629762780026E-56,"m5_rate":6.209712142343037E-14,"mean_rate":0.0015937798375686273,"duration_units":"seconds","rate_units":"calls/second"},"api3":{"count":80,"max":0.039673219,"mean":0.036396266000000004,"min":0.033119313000000004,"p50":0.036396266000000004,"p75":0.039673219,"p95":0.039673219,"p98":0.039673219,"p99":0.039673219,"p999":0.039673219,"stddev":0.004634311375859201,"m15_rate":6.495210404328851E-8,"m1_rate":5.302760728764129E-66,"m5_rate":6.658697671620215E-16,"mean_rate":0.00023731146027050688,"duration_units":"seconds","rate_units":"calls/second"},"migration":{"count":92,"max":34.018970603,"mean":6.378442273917647,"min":0.36289993200000004,"p50":3.1014180870000003,